ファイル名,氏名,生年月日,性別,国籍,住所,在留資格,在留期間,許可年月日
22TE447.jpg,WANG ZIHUI,1年11月（2026年06月04日）,男,中国,在留資格留学,,1年11月（2026年06月04日）,2024年07月04日
22TE469.jpg,XIAO NAN,2026年05月15日,男,中国,日本国,学生,1年1月（2026年05月15日）,2026年03月17日
22TE487.jpg,FENG YIJUN,1999年07月26日,男,中国,未提供,留学,2年（2026年05月28日）,2024年05月28日
22TE491.jpg,LI QI,2004年07月11日,男,日本,東京都港区港南町1-1-1,学生,2024年07月11日 - 2026年06月11日,2024年07月11日
23TE418.jpg,VU VAN DUY,2001年11月10日,男性,日本,日本国政府,学生,2年（2027年05月13日）,2025年03月25日
23TE465.png,ZHA JUNJIE,2002年12月12日,男,中国,東京都台東区東上野5丁目,留学,2年（2027年05月17日）,2025年03月27日
23TE496.jpg,LU XIAOWEN,2002年01月25日,男,中国,北京市北区榆引里2号2丁目166号地1,就労不可,2025年12月31日,2024年09月30日
Image_20250724_132744_936.jpeg,XIAO NAN,未提供,男,中国,未提供,留学,1年1月（2026年5月15日）,2025年3月17日
mycard2.jpeg,SUN SIZE,2001年03月12日,M.,中国,未提供,留学,1年9月（2026年05月08日）,2024年08月08日
番号不明2.jpg,林 正一,1985年7月30日,男,中国,北京市海淀区,学生,2024年5月30日 - 2026年5月30日,2024年7月30日
